{
    "loss": 0.5660029053688049,
    "accuracy": 0.7337278127670288
}