{
    "loss": 0.04689158499240875,
    "accuracy": 0.9607843160629272
}