{
    "loss": 0.1373734325170517,
    "accuracy": 0.9313725233078003
}